Mixture,B cells naive,B cells memory,Plasma cells,T cells CD8,T cells CD4 naive,T cells CD4 memory resting,T cells CD4 memory activated,T cells follicular helper,T cells regulatory (Tregs),T cells gamma delta,NK cells resting,NK cells activated,Monocytes,Macrophages M0,Macrophages M1,Macrophages M2,Dendritic cells resting,Dendritic cells activated,Mast cells resting,Mast cells activated,Eosinophils,Neutrophils,P-value,Correlation,RMSE,Absolute score (sig.score)
INS.A.002.ST,0.0164504937351607,0,0.364228196332046,0.379767420815937,0,0.704147365615096,0,0.233403506443748,0,0,0,0.223438759020787,0.252898430530791,0,0.0119643830762126,0.963614377664482,0.0317793540828058,0.41852765332391,0,0.970369722517484,0,0.0708318245517288,0.0600000000000001,0.125960157253088,1.0379578979823,4.64142148771019
INS.A.003.ST,0,0.0246154706582833,0.0257062630345898,0.0978873031406706,0,0.792995316583371,0,0.262066051980416,0,0,0,0.182404161058283,0.164181988094745,0.144349140802772,0.298146767733522,0.721714519718048,0.255158588356031,0,0,3.63811163753135,0.0478312626447745,0.121723005329748,0.07,0.120483067059804,1.14162070155678,6.77689147666661
INS.A.007.ST,1.49318700854775,0.753088417326861,0,1.12388694490881,0,1.53728739774009,0.371411567368407,0.408337738335622,0.00925554670199991,0,0.0171585616956807,0,0.0564809427325114,0.527120347177909,0.579549456271424,0.193322472202567,0.376179562679949,0,0,0.448284451608289,0,0,0,0.37944792724361,0.929174307875629,7.89455041529786
INS.A.010.ST,0.360535176282617,0,0.12515617310615,0.870483191793197,0,1.48855648872925,0,0.143096144633136,0.0657448023542195,0,0,0.347409466950019,0.757842723507986,0.720962355737234,0.0581962356149716,0.819519760716054,0.419127192401799,0.108915930760911,0,3.38989310133366,0.0712271763469764,0.197879552683776,0.1,0.0907668148763216,1.08211363514452,9.94454547295196
INS.A.012.ST,0,0.327447367114459,2.98753348979476,0,0,1.91594539072354,0,0.51904063829315,0,0,0,0.193192209481576,0.0267675862763388,2.06918619842627,0,1.24754085621944,0,1.23030790023439,0.321460603393723,1.15599411101234,0,0,0,0.346289301898095,0.949018103532274,11.99441635097
INS.A.014.ST,0,0.0242400952911968,0.0108624760165027,0.0141086866289752,0,0.207874934577374,0,0.0563543070384345,0,0,0.0618929391711161,0,0.0164830211194817,0.484558259525771,0,0.61883208757071,0,0.0812090764868613,0,0.857814447161833,0,0.0687157366724076,0.02,0.207390466447084,1.04294197095567,2.50294606726066
INS.A.015.ST,0.0251728657342484,0,0.00885159641309027,0.122665681277916,0,0.178746181368672,0,0.113468796261672,0,0,0,0.186696889603476,0.16576064667282,0,0.0523734152330271,0.67181050206749,0,0.0686718799291237,0,2.05968127721668,0,0.169673625140755,0,0.365010037164777,0.988983743307382,3.82357335691897
INS.A.018.ST,0,0,0.0333817080755493,0.00850038204880022,0,0.255843690568096,0,0.0114701576117244,0,0,0.0583467696475446,0.0376610978436963,0.0580216377150619,0.272323034190399,0,0.49012269812266,0,0.216237029953399,0,0.689326231895703,0,0.244921333668954,0.01,0.285107358949895,0.985248896491281,2.37615577134159
INS.A.019.ST,0,0,0.0500852250799588,1.91306026324602,0,0.27443377563207,0.262594125518756,0.46322119243434,0.100536165930774,0.000549238994024869,0,1.07113997412033,0.0459539971947966,0,0.147127987014581,0.616980963766628,0.0583276493351433,0.00254799204957925,1.4818167460163,0,0,0.00984877442951003,0.01,0.28485224399391,0.986804785444338,6.49822407076282
INS.A.023.ST,3.71631714034823,0,1.14955122879004,3.56021443370589,0,5.1099588478318,3.42006409582062,1.11638016491865,0,0,0.583575155267223,0.49917297890353,0.79533144172652,0.271781591059169,2.35204253713941,2.24658645326207,0.495012348909817,0.323385918016164,0,1.32195926825334,0.110368203005064,0,0.02,0.227311112031691,0.995600732279257,27.0717018069575
INS.A.024.ST,0,0.121163455356812,0.0307244939023413,0.220996648687921,0,0.613622508304615,0.370963126102097,0.0637543618915198,0,0,0.221581590472612,0.0417048229659608,0.0447068545767278,0,0.28667614894304,0.417948196339957,0.143363505983856,1.00825737318669,0,0.0862824928042363,0,0.18124315660431,0.02,0.243091459407133,0.99382234395132,3.8529887361227
INS.B.002.ST,0,0.0202948112002095,0.000889986375998166,0.270086815500157,0,0.0713858701905959,0,0.230099388269706,0,0,0,0.285694997085918,0.11964045106448,0.104425782248958,0.018075427866469,0.644543837336761,0,0,0,0.293467780024113,0.00644209199894179,0.00445745039213177,0.24,0.0577412324956072,1.08298664025616,2.06950468955444
INS.B.003.ST,0.0205440595703063,0.0423296984541502,0.228054494681503,0.717343325122438,0,0.532355836344981,0.0178697750923837,0.595475087528698,0,0.273105419567208,0,0.357026887893579,0.0853830946059974,0.92925722903432,0.238963080285653,2.34081005706157,0.0567324676158613,0,0,1.28873823687731,0,0,0.24,0.0578645024764516,1.07417632698488,7.72398874973595
INS.B.011.ST,0.227397629133631,0,0,0.126182358313752,0,0.358064003863002,0,0.366210357293003,0,0.0254725010318465,0,0.117068816398399,0,0,0.446559341897851,1.07876824158922,0,0,0.9033396606494,0,0,0.0582869010139389,0.14,0.0746403051326155,1.05530840845175,3.70734981118404
INS.B.014.ST,0.485387823621708,0,0.193210142742917,0.627463805160673,0,0.512582897643682,0.101245185226228,0.149417635089344,0,0,0.0234347948482357,0.136834619465175,0.0736504489562744,0.0900098692986885,0.1770281569293,0.741899739343335,0.01884065768292,0.0423028354050445,0,0.958728097490257,0.0082758603195271,0.0914102205968062,0.02,0.241139357613777,0.991434792261507,4.43172278982011
INS.B.015.ST,0.863979411221082,0,0.932486644233754,3.15062622968866,0,1.96486865124466,0,3.33621637116172,0,0,0,2.57303867931852,1.29925511335469,0.806049324932829,0.761161008617775,4.0335112705817,0.251519003371791,0,0,2.60130984542216,0,0.242111607563201,0.07,0.105095109867098,1.05137388434644,22.8161331607126
INS.B.024.ST,2.48200407097227,0.372197646084701,0,0.979737409623519,0,3.00710255793375,0.683314804528878,0.140740461133447,0,0.407405919058464,0.107030263872212,0,0.0526093224099925,0.407210765141021,0.291960580895866,0.884437670304099,0,0.0767298766304854,0,0.364431012650065,0,0,0,0.329982112283595,0.956488254819593,10.2569123612388
INS.B.026.ST,0.0636651954133825,0.161651415150582,0,1.77508006366507,0,0.451539855966208,0.743270346326633,0.18242438747853,0,0,0.0701195736662251,0.31346653016525,0.53881547485545,0.312944260839254,0.131441145971429,1.71997176556325,0.00322844584657135,0.0298542191912653,0.740381191267574,0,0,0.00969538432674153,0.0600000000000001,0.12122686607222,1.03277107940284,7.24754925569342
INS.C.001.ST,0,0.00573970713309773,0.00292010551161174,0.162862433920308,0,0.114392771634731,0,0.197464806682873,0.00398304484310012,0,0,0.376587828962999,0.116622265002262,0.0437434828447778,0.0393698431088643,0.682963384577125,0,0.0395854856099896,0,0.789604395527588,0,0.012809962244222,0.01,0.280003996823279,0.997977206981813,2.58864951760355
INS.C.002.ST,0.154103534119565,0,0.183473244864679,0.685821636232852,0,0.590676548009939,0.122622928502464,0.368450438785005,0,0,0,0.400937239919389,0.122772697013047,0.0301494863522044,0.137670471700727,1.09859102445163,0.0742227559699882,0.221638256697502,0,1.8431380961143,0.0280963674077943,0.117279961811666,0.11,0.0868818108063165,1.07676867267928,6.17964468795275
INS.C.003.ST,0.475639232721954,0,0.444741594859605,0.30183069864471,0,1.43496717795445,0,0.544784185068466,0,0,0,0.278412320365655,0.255671560035151,0,0.690303373841723,2.29721034388447,0.288343782193585,0.161481121658536,0,4.66600458751241,0,0.0276048447957633,0.12,0.0828068536107704,1.10124578096102,11.8669948235365
INS.C.004.ST,0.0964045990082007,0.531789191395901,0.13742746219655,0.900653301712213,0,0.227235574082315,0.127290819971185,0.510694758819174,0,0.272390744457682,0,1.31675224469146,0.330869457361443,0.351544511394094,1.69661936379333,1.2166193179626,0,0,0,0.788282570760249,0,0.0791415705011506,0.07,0.115330927572065,1.07399338789536,8.58371548810755
INS.C.005.ST,0,0.0259326998070207,0.0468257779968454,0.0773934863584534,0,0.282453967626082,0,0.070481821149028,0.0126614854688618,0,0,0.0776132775106396,0.118748194101255,0.895449415778184,0.00974519551470243,0.829825538296814,0.0467701560237694,0.0186389914454218,0,2.29034210490011,0,0.0661650168525075,0.03,0.175174804416509,1.09838408333898,4.8690471288297
INS.C.006.ST,0.125535296803573,0,0.213589941108618,1.6763504850037,0,1.7728457143453,0.253799010734254,1.26515247048963,0,0.0159145017678805,0,0.805328369441365,0.881064403817798,1.63089022131258,0.913336240757311,1.84398164358483,0.0945009660175595,0,0,2.96469240323028,0.295874105929683,0,0.26,0.0488024681826944,1.07782096369139,14.7528557743444
INS.C.008.ST,0.0309425684723641,0,0.00754245402778996,0.097085959707021,0,0.242631908862641,0,0.0636909150235534,0,0.0755679226946947,0,0.0893385115129422,0.0619647306321752,0.292740586887828,0.0371222126449361,0.27703103485354,0,0.0252300872333258,0,1.10758231286045,0,0.0256162483605562,0.01,0.260359795061476,1.03295773397649,2.43408745377381
INS.C.011.ST,0,0.0189963976710804,0.0348660841178302,0,0,0.926043900065446,0,0.0239175399660614,0,0,0,0.0406287092629119,0.0347810943691962,0.154682471566767,0.102990880732731,1.9879465582256,0.0486200898029576,0.0463427547192729,0,1.0588937678486,0,0.0443420725127375,0.04,0.14825697433793,1.0475283865745,4.5230523208612
INS.C.013.ST,0.066141221757509,0.247968873536913,1.61285188744034,5.4988728595429,0,1.38242676499934,1.23188192140638,1.31863676279961,0,0.183634615492859,0,1.54850565504542,0.600570404074933,2.3440462234489,1.56314560361654,5.17842586771271,0,0.0599736891946591,0,1.97449634784684,0,0.0359829816249517,0.0600000000000001,0.135406584773713,1.03378184702036,24.8475616795408
INS.C.017.ST,0.642204326534504,0.712931744326235,0.0375096057544269,1.68373229128671,0,2.01804231748327,0.547222275446387,1.88556678903093,0.0246477396691765,1.35642627878178,0,0,0,0.19419927243285,0.478011073304896,0.561832708221263,0.856590272316162,0,0,0.347200284156587,0,0,0.02,0.233779137876899,1.00569992623564,11.3461169787452
INS.C.018.ST,0,0,0.0111813793320054,0.0381922184677679,0,0.919164128345356,0.0834688295322386,0.112538790838476,0,0.240312013223055,0,0.102518151657475,0,0.0895166484281248,0.136003000704384,0.312769922669149,0,0.114690667549235,0,0.699646961037347,0.0147911308732891,0,0.26,0.049372558034499,1.09391826068672,2.8747938426579
INS.C.020.ST,0.0198900004517914,0.0815238153864371,0.0553002121494392,0.962332769924476,0,1.15453324244143,0,0.243115944737444,0.0719649688875066,0,0,0.351584097247464,0.162168248602587,0,0.0853064701973781,0.332430326542711,0,0.0351972829206403,0,1.14894565048807,0.102981530099921,0,0.08,0.100168590615594,1.08218800542616,4.80727456007729
INS.C.023.ST,0.0306315667037465,0,0.120905074972211,0.265567848228876,0,0.221256249724585,0,0.173838966268733,0,0.0270956082919215,0,0.381373059160751,0.0348998814590159,0,0.132721127413456,0.459910207114639,0,0.213206408229605,0,0.628290425807994,0,0.105998949732603,0.13,0.0748995805044977,1.08163761096714,2.79569537310814
INS.D.002.ST,0,0.00742756339424752,0.0988567055158969,0.108818542790628,0,0.532168728259553,0,0.0305047213027618,0,0,0,0.219045955635397,0.0661056986321568,0.0524987540796515,0,0.365801535791232,0,0.0594399028244705,0,0.930083838967529,0.000356621395970881,0.0275457685615524,0.52,0.0101094305152072,1.14179277923239,2.49865433715105
INS.D.003.ST,0,0.0100145533605887,0.008151908738138,0,0,0.298300977695491,0,0.0297447006418436,0,0.0325799367070987,0.0256539542197865,0,0,1.6409279651906,0.0440513892035914,1.74048464807415,0,0.00419631291357647,0,2.60811656954788,0,0.0834979488533908,0,0.552858675483482,0.838907520227997,6.52572086514614
INS.D.004.ST,0,0.031564027362189,0.0380178364925611,1.22702337176357,0,0,0.124003668192533,0.486145301528174,0,0,0,0.505940900738382,0.185206916106204,0.305522005441508,0.318189065286768,1.45174947529037,0,0,0,0.487543004298817,0,0.022130249533975,0.01,0.290184906677374,0.971221081821609,5.18303582203506
INS.D.005.ST,0.188503818818952,0,0.040274514236133,1.47135100339213,0,0.327919065793712,0,0.601657290749796,0.0986729958081377,0,0,0.613109471918505,0.334761961196295,0.27334462260257,0.363217068513771,1.49402465166409,0,0,0,1.01104813821713,0,0,0.03,0.1777854617108,1.02393147481961,6.81788460291122
INS.D.006.ST,0.13422237883,0,0.0772345444479633,0.245139033452858,0,0.101562969834875,0,0.207114996865849,0,0.00690038892085965,0,0.0527046303151245,0.0307217991318394,0.263731065624043,0.126990061390278,1.11909287861591,0.0245411173493881,0,0,0.919108509702837,0,0,0.04,0.15471938636188,1.04665155417976,3.30906437448183
INS.D.007.ST,0.134290526640871,0,0.0844556500821639,0.781354030861185,0,0.37701450796752,0.0153449852560624,0.335957865928255,0.00911525989052575,0,0,0.301070232697603,0.0656541165122935,0.0723539642880837,0.1359399658183,0.527735965379132,0,0,0,0.410356384911197,0.00770103140389401,0,0.04,0.153969480963297,1.04023589534252,3.25834448763709
INS.D.008.ST,0.00322155378872723,0.0105812379279853,0.0630029463288104,0.437545505619474,0,0.413984195554416,0,0.182888750458546,0,0,0,0.407272145487087,0.0725820243318702,0,0.155725878921499,0.628487884884689,0.0118623387869914,0,0,1.23072587343483,0,0.0386641439653797,0.12,0.0836053281435288,1.1035107666292,3.65654447949031
INS.D.009.ST,0.545271272456676,0,0.0843129509859293,1.43011980044043,0,1.57561454135115,0,0.628832080453259,0,0,0,0.421267074921248,0.122617100981641,1.61367245971304,0.195447355525943,3.71748947895307,0,0.199390435439077,0,1.3651815203108,0,0.143384218246094,0.1,0.0897379292880506,1.05576649194084,12.0426002897784
INS.D.012.ST,3.84227843459652,0.00662187695422972,1.47950742065841,11.8174289061141,0,2.213326611105,6.56637308553836,2.7105765883902,0.187496283261348,0,0,4.47732140019725,0.371825014009243,1.96484961464125,3.60666472309466,2.00451571335,0,0,0,1.72344841442469,0,0,0.04,0.157294796921858,1.04517329562989,42.9722340863352
INS.D.013.ST,0.77849435888639,0.296989278278407,0,0.313935605631079,0.356757068270279,0.42162334651636,0.107194574719977,0.0870604740992893,0.00542016874274929,0,0.0046592485466774,0.0208172048741929,0.218509317285096,0,0.0586101278115516,0.937589034203798,0,0.0640017632797383,0,0.851600862150319,0.0140268619540312,0.0628493348820122,0.01,0.293016989293601,0.967009733760841,4.60013863013195
INS.E.001.ST,0.017958452022446,0.0063190636724522,0.0048234277642378,0.183283726528095,0.105364688772943,0,0.361593650848672,0.121774730383506,0,0,0,0.223312991118952,0.0301390485817119,0,0,0.871347579103948,0.0168237947655816,0,0,1.00988620662368,0,0.0355922983115812,0,0.386695194580454,0.936178193254999,2.98821965849781
INS.E.002.ST,0,0,0.0308000670760482,0.0501339827678408,0,0.327852872187339,0,0.285887420290468,0.0247525329737595,0.0603022227194134,0,0.221601875352295,0.0905091256419908,1.06891719137962,0.0446783223552098,1.28278683055959,0.0404986199556468,0,0,2.89037382165983,0.0418087970469372,0,0,0.348515066728623,0.982802346926982,6.46090368196598
INS.E.003.ST,0.489986632142992,0,0.0865791578979518,0.397130658207042,0,0.211947528077853,0,0.443628749960292,0.0400580861048459,0.000913623151849773,0,0.127445952968615,0.0150657520071345,1.36789098259819,0.193195617025518,1.06786728043383,0,0.0822177510901292,0,1.29606905453939,0,0,0.0600000000000001,0.128949727969194,1.05380611455408,5.81999682620563
INS.E.004.ST,0,0.026025048219231,0,0.0557148194389677,0,0.216058383959179,0,0.0594969863821968,0.0049539426041775,0,0,0.0926017088473081,0.0516706041018988,0,0.0177266496218853,0.158159383860872,0,0.0398083986593552,0,1.82029335914791,0.0216508241905649,0,0.03,0.194084172823546,1.1847964942573,2.56416010903355
INS.E.005.ST,0,0,0.100987307552365,1.2741964870723,0,0.295856318153537,0.49274206120781,0.205097026956066,0,0,0,0.354862388766391,0.19862094516009,0.231047810111434,0.165634422644503,0.606809876909188,0.263767887649403,0,0,0.991593995611501,0,0.0696725151038411,0.04,0.154396089131926,1.03464604677821,5.25088904289843
INS.E.006.ST,0.211744314372656,0,0.0673940743432327,0.310216766605586,0,0.236174525738329,0,0.139175081701911,0,0,0,0.139855576841264,0.106190671416744,0.0451138861277776,0.138983016798246,0.240419473202165,0,0,0,0.843114291891968,0,0.0388076766475937,0.03,0.171589956592117,1.04626835742235,2.51718935568747
INS.E.008.ST,0.986896865477079,0.661576551074802,0,3.09553705379744,0,0,1.98341020021998,0.813913543699816,0,0,0,0.573933701560097,0.123307372940385,0.120709463744362,1.31254401121551,0.942756589900301,0.0378856614805073,0.0324414340093544,0.379891778911383,0.590375724390771,0,0,0.02,0.224612105329718,1.00255237783969,11.6551799524218
INS.E.011.ST,0,0,0.00592306973934348,0.327431004284783,0,0.197277490031241,0,0.157111679088573,0,0,0,0.153474403736449,0.0408804968484621,0.0814825756634293,0.00835908624596165,0.531179587836881,0,0.135159853337594,0,0.583425950210485,0,0.0521537306294216,0.12,0.0818324230794169,1.07620105892357,2.27385892765262
INS.E.012.ST,1.075666635212,0,0.262820422653912,1.46635431540564,0,2.64614316138442,0,0.920641583408066,0,0,0,0.884080111739781,0.688381728176536,0.943694886118406,1.47751241326959,1.16918793104339,0,0,0,2.65278994131147,0.111823310334455,0,0.07,0.111114272833195,1.05336236714406,14.2990964400577
INS.E.013.ST,0.0225176734459258,0,0.00676400046565339,0.201201566026384,0,0.575030061295587,0,0.135547600959483,0,0,0,0.209216902838369,0.184439432663595,0,0.622369288917586,0.597510048178096,0,0,0,0.562191023244788,0,0,0.01,0.270153327237498,0.992326226767217,3.11678759803547
INS.E.016.ST,0,0,0.0262361876852955,0.0441547256596193,0,0.0830590991432125,0,0.13733918877007,0,0,0,0.0857356987446323,0.117509772919325,0,0.00427186462117607,0.561917018254437,0,0,0,0.928515199801539,0.0472847001306626,0,0.91,-0.0245731586427247,1.19355216035415,2.03602345572997
INS.E.018.ST,0,0,0.00412568240602432,0.897771952267957,0,0.354169251022533,0.548468554428627,0.271007754978039,0.0330582506279538,0,0,0.467714992204556,0.0283572776160795,0.392108674515686,0.220947718071087,1.27604219311599,0.0572407079461176,0,0,0.49033356290698,0,0.0175854558871999,0.02,0.220890989936754,1.0023607445468,5.05893202799483
INS.E.019.ST,0.22864900231143,0,0.119278615142217,1.21631487916101,0,0.487862173622457,0.375930483924917,0.40514048828965,0,0,0,0.484775170294345,0.0683400817643614,0,0.654834089234011,0.663057068178002,0,0.142907586263186,0,1.10355125245899,0,0.0422868708739493,0.07,0.120608395134975,1.05906107588923,5.99292776151852
INS.E.021.ST,0,0.0230154092858975,0.019990885140969,0.0895201096029821,0,0.11859709819694,0,0.0450726446064496,0.00346142458689552,0.0109445211787826,0,0.0255755498148479,0.210327726681005,1.89512394939736,0,0.853571233742258,0.12000817888368,0.00665454430279242,0,0.309504574177575,0,0,0,0.383081583774556,0.95435870040852,3.73136784959844
INS.E.022.ST,0.0170340734522951,0,0.0854183705245846,0.0930760467941288,0,0.268347216125704,0,0.280111278479768,0,0.0317351491888856,0,0.100946030098295,0,0.0258078878452878,0.125517170487695,0.637485568062567,0.256326676661936,0,0,1.36523844744248,0,0.0380347990789508,0.11,0.086011709938475,1.10716027000618,3.32507871424258
INS.E.023.ST,0.0843453043237802,0,0.0995602479113352,0.113871107369859,0,0.407190118743274,0,0.339299914662373,0,0,0,0.256760280503269,0.0242128458816619,0.0363312628096894,0.378634500500703,0.274978681906185,0.153719561979945,0.095483373172928,0,1.46208370521742,0.0109720429131223,0,0.0600000000000001,0.128908585039733,1.08898098973504,3.73744294789555
INS.E.024.ST,0,0.0187141527809032,0,0.0946536739626022,0,0.677330784675458,0,0.180018371195993,0,0,0,0.297938544492573,0.0429307332897808,0,0.00502355760281307,0.275194817285645,0,0.0389869749131213,0,1.41802494093608,0.0639320646815534,0.0202598972439618,0.04,0.154837351047567,1.10109937126963,3.13300851306048
INS.E.026.ST,1.49546355948632,0,0,0.754028057679348,0,0.356780958385383,0.164418190683223,0.558768884722916,0,0.107877213809495,0,0.404217121086564,0.0755125243836554,0,0.578072279626938,0.452487403578033,0.518184406724176,0,0,0.758090153382726,0,0,0.01,0.271361691741633,0.981059916971084,6.22390075354878
INS.E.028.ST,0,0,0.148464102326845,1.38607998475255,0,2.78641374015726,0,0.682269530129872,0,0.222072715862617,0,1.23742825769295,0.101084596771829,0.235371516945139,0.109488488255384,1.7876205544297,0.240640075039264,0.737724873830296,0,1.64890086468001,0.0429520150769094,0.0659501713193554,0.2,0.0650277034476782,1.07998312714964,11.43246148727
INS.E.029.ST,0.0260434174429022,0,0.0490373379301102,0.274376986575459,0,0.548705757374154,0,0.23787654869635,0.0714108825483966,0,0,0.459336142511672,0.295130591122589,0.107477268904901,0.201522181259375,1.73746032998065,0,0,0,4.75909519568951,0,0.182845049108756,0.08,0.101799340066139,1.15809518895683,8.95031768914483
INS.E.033.ST,1.03615631143325,0.895527586819274,0.640143085046143,2.32984509502753,0,1.4255900032509,1.11908674938399,1.68140233635048,0,0.325796223034994,0,1.58446998886047,0.3087763021053,0,1.10311430088715,1.01823404947976,0.0350915805906833,0,0,0.52701787136642,0.0390082728352131,0,0.02,0.220467837168917,1.01249892609266,14.0692597564716
INS.E.034.ST,0,0.113978552419341,0.0413457975303293,0,0.193322117752938,0,0,0.0886999276944282,0,0.147835093624108,0,0.0288526717997481,0.0271600640794244,0,0.0109775352298832,0.361657830701484,0,0.00731840334974538,0,0.390580658058057,0.00686963302191213,0,0.39,0.0339637968856587,1.09157223528745,1.4185982852614
INS.E.035.ST,0.13688645426586,0,0.0556513024003835,0.533382172460672,0,0,0.192992429747231,0.225440501612515,0,0.09458452223807,0,0.108969183272161,0.0653225964127472,0,0.0682828567158953,0.265577569798285,0.0372906200865751,0.0106064399561672,0,0.231693245631392,0,0,0.55,0.0053112789515339,1.09860820674422,2.02667989459795
INS.E.036.ST,0.250132223842169,0,0.0176534194626965,0.204572496143297,0,0.34830556315114,0,0.0560944098869999,0,0.202368736595408,0,0.100973925621625,0.0317148200579397,0.0401332929473222,0.00429429293736137,0.832592480037326,0,0.081851023422649,0,1.55715791478943,0.0140851940582168,0.137519212616765,0.02,0.226710135682842,1.03161913908171,3.87944900557035
INS.A.007.C2T,0.461498773153023,0.0909435886470112,0.0195975831804345,0.777960267349655,0,0.932979599792777,0.150740762861547,0.87977106312157,0.0211490651484476,0,0,0.329014788803837,0.00418221672688142,0.114070628694148,1.03045543938558,0.727387621859479,0.546247109818048,0,0,0.872074920597238,0,0.0122190758332828,0.07,0.1155559492334,1.05021199350205,6.97029250497296
INS.A.010.C2T,0.115700724505969,0,0.0937759197233783,0.212862003864248,0,0.605766718769836,0,0.133486951660821,0,0,0,0.184809086697796,0.17070338173799,0.579965160772309,0.198130162337655,0.591484514482196,0,0.197774270770096,0,1.49267841266284,0,0.0543524338545633,0.0600000000000001,0.136362132510202,1.06094463022682,4.6314897418397
INS.A.011.C2T,0.116262860294728,0,0.551417195758921,4.94845790463508,0,0,2.08380334665004,1.06884679140674,0,0,0,2.17562840847106,0.162393173454325,0.0968784194164308,0.535852473883983,2.33309834764862,0.27338287535903,0.157048328547205,0,4.07268493458796,0.0464889222417354,0.122058231004246,0.18,0.0671482905188453,1.09389827605565,18.7443022133601
INS.A.012.C2T,0,0,0.388760443633261,0.017292224020376,0,1.56934788937061,0,0.58938669583806,0,0,0,0.21615020138454,0.914199278102617,2.52294270471513,0,1.149063543174,0.0836146108730414,0.564478830092553,0,4.16820556896111,0,1.36702316579795,0.38,0.0352569319756464,1.11281820743444,13.5504651559632
INS.B.014.C2T,0.866886742658841,0,0.274475626485754,1.86177661739728,0,1.14897500008445,0.488725281131986,0.436154450960201,0,0,0,0.491885407619528,0.240924506946827,0,0.155150105160347,0.968660493487694,0,0.309935929695641,0,0.156845861741125,0.0615689238467901,0,0.02,0.247502244342786,0.993872968970286,7.46196494721646
INS.B.015.C2T,0.167883291529571,0,0.100377077359278,0.587750936589487,0,0.192913729088996,0.49468955765805,0.531799485588346,0,0,0,0.246860854107179,0.630600127785756,1.02757487321598,0.371719760246514,0.494348031408861,0,0.0269976238091905,0,0.430546380803237,0,0.135651303419452,0.0600000000000001,0.12365971818652,1.03381900587235,5.4397130326099
INS.B.020.C2T,0.228287751184248,0.155107269485333,0,0.336101927268083,0,0.532995552139914,0.130576126981872,0.360624218976552,0,0.366204363233661,0.0391640094342978,0.0685252864661204,0,0.398823480225296,0.727216260449638,0.199254744788013,0,0,0,0.601086943302325,0,0.0518616872364084,0.04,0.162462667143299,1.03781636334924,4.19582962117176
INS.B.021.C2T,0.332279221718996,0,0.284924187556364,1.50187082029283,0,1.69270536752897,0.0457275809055122,0.829576571720313,0,0.475811325879903,0,1.14600331140378,0.0451745135183598,1.77980955542809,0.853737768315373,2.7079853042735,0,0,0,1.58158184614741,0,0.139347894464788,0.13,0.0764357010960095,1.06544725496606,13.4165352691542
INS.B.022.C2T,0.165617514386209,0,0.116996765985807,0.624053248600577,0,2.12819504886502,0,0.401682807509154,0,0,0,0.695796014189225,0.244155133982021,0.752929837569789,0.760589377880239,0.775381094715995,0,0,0,3.37000254713725,0,0.0847371279708982,0.25,0.0559726488864967,1.11003692959304,10.1201365187922
INS.B.023.C2T,1.03682054605188,0,0.017963822131556,1.38546355340289,0,1.5900750489699,0.0914169809526715,0.270727898631806,0,0.338904163461045,0.30402331123753,0.0473570880572257,0.774211791527161,0.754453046965814,0.528095361765836,0.309961330893337,0,0,0.0894420328035233,0,0.0656664136585669,0,0.02,0.230325971684298,0.999148590066895,7.60458239051074
INS.B.024.C2T,0,0,0.0853053213697671,0.95920335680905,0,1.26854832594261,0,0.192934763047953,0.0140685569523795,0.171047276359509,0,0.107716255493201,0.0111354542784936,0.103537101063542,0.27470061496637,1.32250546768362,0,0.209923461794758,0,1.05530238264924,0,0.116235119282826,0.0600000000000001,0.136236281929128,1.04076365860852,5.89216345769331
INS.C.001.C3T,0,0.0435678522648505,0.0062387869190797,0,0,0.837786302556753,0,0.317480709268118,0,0.0845296458466153,0,0.40394361352127,0.0585322428103157,0,0.295490104487432,0.247874691085267,0.0182089647616634,0.0192961465141407,0,1.80484088016126,0.0908299721006489,0,0,0.388027123402442,0.95138980349187,4.22861991229741
INS.C.010.C3T,0.0804993026783834,0.109707475578439,0.00550610469373553,0.693230967181539,0,0.520903120385985,0.13816753081117,0.234066890777255,0,0,0,0.00878762012203814,0.0456402150426314,0,0.161072203900309,0.106201217830021,0.057815025114717,0.0355721121358316,0,0.044827150696595,0,0,0.03,0.175318923891526,1.04735648474138,2.24199693694865
INS.C.013.C3T,0,0.0487610242812739,2.24780991556635,10.4482047875435,0,0.960838013358155,2.49700084144979,2.39207630160619,0.179388977048383,0.970121556656144,0,2.05646491221854,1.38009356707143,1.48190133413998,1.11402198499919,7.43275015083759,0.114865952406767,0,0,0.051425259676655,0,0.37432671816421,0.0600000000000001,0.135664104462092,1.04169454236711,33.7500512970241
INS.C.017.C3T,0.389187633763184,0,0.0775237875585047,1.17363201014026,0,1.49099207916062,1.5228613753249,0.647927601447448,0,1.62083971380092,0,0.153929746194314,0,0.414208820041523,1.2303174565452,0.921612169933396,0.558195969036181,0,0.146991888230576,0,0,0.00399247363033745,0.04,0.161941192775221,1.03228029191191,10.3522127248074
INS.C.018.C2T,0,0,0.0420248217662458,0.167765739148939,0,2.42459405274485,0.929403223783088,0.282628570626826,0,0.851947216081526,0,0.103330395798084,0,0.16824658130915,0.59910536526503,0.760950698077163,0,0,0,0.430757504698813,0.0275143612196184,0,0.02,0.214505397427344,1.01251332237931,6.78826853051934
INS.C.020.C2T,0.150785062978074,0,0.0989013378367115,1.36977330906093,0,1.34221437234069,0,0.831617581484082,0,0.0393519364551173,0,1.05358018026839,0.21089024489424,0,0.845432778785756,0.999776691151213,0.0450412676785599,0.03988675475343,0,2.98268942759066,0.233749283824873,0,0.07,0.112205556185485,1.08145141314204,10.2436902291027
INS.C.023.C2T,0,0,0.00135506647731718,0.080366697361902,0,0.310243400511748,0,0.0591930202933117,0,0,0,0.154985767097494,0.0637979997373602,0,0.000283686770488068,0,0,0.0145402877442671,0,1.38584596493281,0.0227492494294778,0,0.0600000000000001,0.122933231446512,1.21639582348377,2.09336114035618
INS.C.024.C2T,0,0,0,0.114584651978643,0,0.393520323058751,0,0.0848019123135059,0,0,0,0.158101075183715,0.0388200421250528,0,0.00593565990369323,0.0717871494198063,0,0.0253915695489369,0,1.62357182583439,0.0220067900662463,0.00647583272944555,0.02,0.202890379110632,1.14539278444608,2.54499683216219
INS.C.025.C2T,0,0.043767509051782,0.00112653157209141,0.168964131250431,0,0.201326271295569,0,0.252582450979344,0,0.004138379918372,0,0.232170630129913,0.13247920620707,0,0.0200897023555458,0.491532020722087,0.00419922739097865,0.0315893223848788,0,2.24332446202845,0.0690471897140355,0.00105494996369427,0,0.424225629715013,0.956595779038843,3.89739198496424
INS.D.003.C3T,0,0.696944909164995,1.00635317851304,2.64318434438098,0,0.466698783843441,0,1.16937977973084,0,0.0902936622365022,0,0.889672673033147,0,1.31727154350349,0.097438804960904,2.00270975263271,0,0.110414315967,0.350006854016199,0.596199696202028,0,0.0202675525103533,0.02,0.219001203415424,1.00116046172166,11.4568358506956
INS.D.006.C2T,0.0714860456344815,0.245647572530184,0.0377011621111098,3.08784773521261,0,0,0,0.685130334303366,0.0996732954586232,0,0,0.700437700178339,0.245912156683521,0.0079390260437016,0.124689245373026,3.30204454507794,0,0,0,0.847868601883144,0,0,0.05,0.145477004565164,1.04108912729152,9.45637742049004
INS.D.007.C2T,0.896399632646093,0,0,0.712401486118537,0,1.51435290504248,0.0332192325446141,0.533105527858417,0,0,0,0.3193573127993,0.151465133729909,0.375665007206485,0.913575924951732,1.06237040432303,0,0,0,0.785612123152553,0.0195774248267648,0,0.03,0.192891654299771,1.0140697186802,7.31710211519992
INS.D.008.C2T,0.129509159804048,0.00405261949785088,0.0219163552045776,1.01180006306709,0,1.07408196660153,0.297624846110161,0.902262012924111,0,0,0,0.494917312988491,0.239356242181451,0,1.00130301539135,0.667935296506218,0.0251942822799045,0.0872014226143005,0,1.12961360105221,0.129313186487927,0,0.01,0.255047099782142,0.995212322461944,7.21608138271122
INS.D.009.C2T,0.11002781476352,0.00444178978711028,0.0290589003116299,1.40516359013548,0,1.86112397686818,0,0.627605978015873,0,0,0,0.566029479069331,0.0184885422881872,1.20323511713263,0.242743746363598,3.41141737092467,0.128192182569153,0,0,1.43530560801848,0,0,0.07,0.106714938611037,1.05348397039199,11.0428340962478
INS.D.013.C2T,1.98594715044566,0.912853008815019,0.0275936305280129,3.43759008491195,0,0.227348110863286,1.61885174064343,1.45326603705366,0.0213625164097471,0,0,0.456061557858023,0.218447559287402,0,0.919793816051751,1.95985083577003,0,0,0.34787107477732,0,0,0,0,0.321588634259708,0.956368373417394,13.5868371234153
INS.E.002.C3T,0.0929939085194006,0,0.0137534084551973,0.584435559193691,0,0.825574105387364,0,0.301538913383856,0.148021571210532,0.284197652084395,0,0.772240243526752,0.0619125709280497,0,1.09372739506685,0.744559665936607,0.512474660945493,0,0,4.34261717467463,0.096105915829399,0,0.01,0.296433844219657,1.01337484265793,9.87415274514222
INS.E.003.C3T,0.655970923594232,1.10632047464826,0,0.208259984519875,0,0.382271066275508,0.078231962104501,0.152468342936989,0,0.117211489732361,0,0,0.0262592576351979,0.211176110261329,0.154973610781812,0.0776867919188808,0,0.147708153851356,0,0.600846827605979,0.0124652034749694,0.0462633491194205,0,0.410057440237453,0.918502217965342,3.97811354846067
INS.E.004.C3T,0,0.012457831853995,0,0.0711452446590704,0,0.410760214990208,0,0.137233539214833,0.00498668838504252,0,0,0.103361647698959,0.188501378503899,0,0.0118548408954115,0.241812563987,0,0.0543379558712816,0,1.93643390589006,0.00640457861669083,0,0.02,0.217630696834538,1.11261898410056,3.17929039056645
INS.E.011.C3T,0,0,0.00307693353895279,0.60483804699607,0,0.148634651678448,0,0.217012755571282,0.0180298166965844,0.000658341009048159,0,0.268747406501438,0.0431893352673777,0.649534675170393,0.111698777161504,1.31682865371943,0,0.19295489103148,0,0.756989874943137,0,0.0182454472415996,0,0.346816896604007,0.946528534965014,4.35043960652675
INS.E.013.C3T,0.119793546323947,0,0.0437893720322842,2.03246204570767,0,0.141772553723724,0.0368503941113019,0.828742753814135,0.0414843274356631,1.13202758918101,0,1.29087105212771,0,0,0.164351751284129,0.080823513568176,0.00404033932389835,0,0,0.838719736942798,0.0893603602455582,0,0,0.424006818454766,0.93824142012088,6.84508933582201
INS.E.016.C2T,0.0227480422253479,0.00478354597430429,0.00408883116834393,0.53584312092446,0,0.0632051580487541,0.0262515732422384,0.277934033803783,0,0,0,0.165051241127989,0.116438507376088,0,0.0739244227969264,0.176477252127447,0,0,0,0.555624667567718,0.0995477136404711,0,0.31,0.0417605110431702,1.10857451986497,2.12191811002387
INS.E.018.C2T,0,0,0.0487384069506542,0.935330237597652,0,0,0.837507866336234,0.230557569159537,0,0,0,0.288665431389975,0.166295739751667,0.20484895367542,0.159060841482641,0.805456007642804,0.0983415871909022,0,0,0.574680091883798,0,0.0419239472460857,0.01,0.25493077062658,0.984063906411575,4.39140668030737
INS.E.020.C2T,0,0,0,0.363616967438082,0,0.376409191151891,0,0.324983207282437,0,0,0,0.173748285750006,0,0,0.113566651211914,0.369968416188931,0.557231633539581,0,0.362719375414816,0.0562258364164447,0,0.065952622326059,0.41,0.0251769197931602,1.07102767074387,2.76442218672016
INS.E.022.C2T,0.0233094049707532,0,0.0776576759850438,2.66546600937827,0,0.440293517697209,0,0.678728772262614,0.150151265002952,0.538675445909888,0,2.08770907834065,0.177205445927338,0.0523151215402851,0.229354322818045,1.23827669227789,0,0,0,1.74789502781286,0,0.158188004421872,0.01,0.304181218459539,0.994921040409689,10.2652257843457
INS.E.023.C2T,0.0960118254803331,0,0.13313081999187,0.115889714090085,0,0.0082763937434161,0,0.148059018527938,0,0.0144168922879911,0,0.098076824760142,0.0185465407468563,0.25323598135772,0.104028978685852,0.366786280059525,0.0563683313426724,0.0562692529291104,0,1.35548257053792,0,0.00444700407383064,0.04,0.148072114983317,1.10565038776597,2.82902642861526
INS.E.027.C2T,0.0421453424621283,0,0.0207438663413673,0,0.451182144040148,0.756884600268139,0.132734756286211,0,0,0,0.644964287191706,0,4.13287352568743,0.211760798726724,0,0.077528283070046,0,0.0188172109364727,0,0.109797475667984,0.104340324104594,1.11275668906415,0,0.77325546972406,0.66566116172945,7.81652930384711
INS.E.028.C2T.L,0.0516969653236333,0,0.150670469721483,2.30691734321414,0,1.74299761866044,0,1.03242974790328,0,0.455906322865327,0,0.937337610962082,0.00717385177352849,0.73723929399782,0.411492912290812,1.9362049469124,0,0,0,1.0988272196103,0,0.133982018809028,0.18,0.0674599368075556,1.0823135232233,11.0028763220443
INS.E.028.C2T.R,0.477013689655673,0,0.160607027662052,0.602892734203072,0,1.97662207955845,0.126831580185306,0.559753670895267,0,0.179103229831944,0,0.194603902927465,0.980687769411071,1.76481059909087,4.3559688694268,2.22021967238509,0.23927358793682,0,0,1.56147019578,0,0.426077140135471,0.13,0.0761680834835686,1.10040959618091,15.8259357490854
INS.E.032.C2T,0,0.0325430529276002,0.00497323933794265,0.00386093377658729,0,0.126916416420482,0,0.213185902100775,0,0,0,0.0810129311609894,0.0029845482010294,0.00256500600136672,0,0.528042925885258,0,0.300723396613881,0,1.23802946818608,0,0.0187668215597413,0.13,0.0754403455534961,1.14798281379376,2.55360464217173
INS.E.034.C2T,0,0,0.0170638655364199,0.178872999868673,0,0.0520052070925816,0,0.267087907535445,0,0.177353324517547,0,0.286640057876748,0.0130196069111774,0,0.215778932641665,0.419905683137683,0,0,0,0.805721274104979,0.0125676303136786,0,0.15,0.0737873647084774,1.11794199328876,2.4460164895366
INS.E.035.C2T,0.0613874835110767,0,0.111167141985683,0.318804643800632,0,0.360976222378623,0.306477375750117,0.471063303676214,0,0.142747318900851,0,0.241008232441921,0.0735039040746673,0,0.282152575897537,0.0891635593037812,0.0175031808569295,0.00742834482405537,0.291457073290875,0.065237206528584,0,0.0128030485930733,0.13,0.0775661378660565,1.07382787978221,2.85288061581462
INS.E.036.C2T,0.088939750124895,0,0.0190719616886195,0.659665600862011,0,0.443235518844854,0,0.206385547408886,0.0720696049567738,0.196706818753448,0,0.330259470765725,0.243560110902563,0.36034464082184,0.12948492645567,1.47380385116062,0,0,0,1.50674554044704,0,0.27696525318917,0.01,0.261796286784355,0.990184792521965,6.00723859638211
